name,phoneNumber,amount,operatorName,countryCode
Caroline Alvarez,25475505756,488,Telkom Kenya,KE
Joseph Harris,25470407870,290,Airtel Kenya,KE
Joe Smith,25470817951,145,Airtel Kenya,KE
David Yang,25475197136,215,Airtel Kenya,KE
Jessica Chang,25473757739,312,Safaricom Kenya,KE
Patricia Luna,25476964808,325,Safaricom Kenya,KE
Eric Powell,25473393035,343,Telkom Kenya,KE
Isabella Paul,25474507497,61,Safaricom Kenya,KE
Claudia Jones,25478720668,499,Safaricom Kenya,KE
Jason Robinson,25476721108,111,Airtel Kenya,KE
Christian Johnson,25474209060,276,Telkom Kenya,KE
Ronald Adams,25476305041,153,Safaricom Kenya,KE
Tammy Taylor,25478207448,340,Telkom Kenya,KE
Daniel Walker,25479730103,362,Airtel Kenya,KE
Dr. Tonya Fry,25479183949,121,Airtel Kenya,KE
Lori Heath,25470948245,485,Telkom Kenya,KE
Brian Edwards,25479752427,282,Airtel Kenya,KE
Jennifer Gomez,25479310661,128,Airtel Kenya,KE
Stephen Wright,25476254298,192,Airtel Kenya,KE
Dana Garner,25476776298,445,Airtel Kenya,KE
Gary Mccoy,25470715304,146,Safaricom Kenya,KE
Douglas Hall,25474854759,100,Telkom Kenya,KE
Joseph Padilla,25477490345,450,Airtel Kenya,KE
Lisa Maldonado,25478211969,310,Telkom Kenya,KE
Amanda Murphy,25472517463,497,Airtel Kenya,KE
David Ward,25475168231,175,Airtel Kenya,KE
Dean Leblanc,25471266880,379,Safaricom Kenya,KE
Bryan Byrd,25479200015,322,Telkom Kenya,KE
Brandon Reeves,25472259887,53,Telkom Kenya,KE
Deanna Daugherty,25471570959,425,Telkom Kenya,KE
Shelia Edwards,25478576702,145,Telkom Kenya,KE
Heidi Leonard,25470796978,266,Telkom Kenya,KE
Tyler Green,25472635678,297,Telkom Kenya,KE
Jennifer Mendoza,25472999322,161,Telkom Kenya,KE
Megan Martin,25477655542,205,Telkom Kenya,KE
Seth Stokes,25475215025,90,Airtel Kenya,KE
Samantha Hoover,25477367253,500,Safaricom Kenya,KE
Daniel Gentry,25470740136,104,Airtel Kenya,KE
Angelica Hunt,25474243412,386,Telkom Kenya,KE
Timothy Campbell,25473125645,246,Telkom Kenya,KE
Cathy Gordon,25472990712,322,Telkom Kenya,KE
Valerie Mendez,25479187784,322,Airtel Kenya,KE
Marilyn Pacheco,25474627044,220,Telkom Kenya,KE
Aaron Lewis,25475591290,401,Airtel Kenya,KE
Martha Maxwell,25477896959,340,Airtel Kenya,KE
Richard Ford,25475851003,388,Airtel Kenya,KE
Johnny Becker,25471888887,194,Safaricom Kenya,KE
Susan Clark,25476563752,124,Airtel Kenya,KE
Mary Roach,25474460972,343,Safaricom Kenya,KE
Paul Dawson,25478767207,403,Safaricom Kenya,KE
Joseph Parker,25474192487,398,Telkom Kenya,KE
Hannah Sims,25476129922,249,Airtel Kenya,KE
Brenda Alvarado,25477570887,320,Telkom Kenya,KE
Barbara Robinson,25479525290,459,Safaricom Kenya,KE
Eugene Ware,25472107051,186,Telkom Kenya,KE
Mary Shannon,25473911561,453,Telkom Kenya,KE
Bryan Hendrix,25476301961,473,Telkom Kenya,KE
Carla Gutierrez,25478351228,428,Airtel Kenya,KE
Kyle Baker,25475833472,148,Telkom Kenya,KE
Kimberly Williams,25474917366,371,Telkom Kenya,KE
Heather Bean,25471136574,479,Airtel Kenya,KE
Jeffrey Duncan,25474845651,197,Airtel Kenya,KE
William Adams,25479639723,321,Safaricom Kenya,KE
Nathan Wilson,25471280659,112,Airtel Kenya,KE
Kathleen Jackson,25478999215,268,Airtel Kenya,KE
Jacqueline Harris,25478376516,136,Airtel Kenya,KE
Christian Thomas,25473826431,77,Airtel Kenya,KE
Laura Santana,25477255719,414,Telkom Kenya,KE
Jamie Perkins,25471689898,91,Telkom Kenya,KE
Rodney Mccullough,25473775416,244,Airtel Kenya,KE
Mary Tucker,25473192445,84,Telkom Kenya,KE
Gerald Adams,25476968284,275,Airtel Kenya,KE
Jennifer Fitzgerald,25478389483,433,Telkom Kenya,KE
Leah Smith,25470976804,459,Telkom Kenya,KE
Daniel Harris,25474306593,200,Safaricom Kenya,KE
Matthew Lucas,25476341623,114,Safaricom Kenya,KE
Renee Williams,25479397120,451,Safaricom Kenya,KE
Renee Williams,25472384069,354,Safaricom Kenya,KE
Morgan Donaldson,25478198979,237,Airtel Kenya,KE
Brittany Mccall,25471424915,213,Telkom Kenya,KE
Sara Clark,25473681513,271,Safaricom Kenya,KE
John Smith,25474446506,228,Telkom Kenya,KE
Laura Baker,25473267837,239,Airtel Kenya,KE
Michelle Sanchez,25474630240,374,Airtel Kenya,KE
Kelly Nielsen,25471719497,446,Airtel Kenya,KE
Curtis Wright,25471157390,332,Safaricom Kenya,KE
Lonnie Hunt,25472968079,189,Telkom Kenya,KE
William Baldwin,25477163536,182,Safaricom Kenya,KE
Scott Yoder,25476196712,292,Telkom Kenya,KE
Kelly Long,25477678427,117,Airtel Kenya,KE
Debbie Parker,25475611302,282,Airtel Kenya,KE
Jennifer Russell,25474443265,352,Telkom Kenya,KE
James Miller DDS,25471586472,393,Safaricom Kenya,KE
Christina Gallagher,25473744129,426,Telkom Kenya,KE
Denise Crawford,25479478936,137,Telkom Kenya,KE
Katie Robinson,25477486093,131,Telkom Kenya,KE
Meghan Bishop,25478168470,333,Airtel Kenya,KE
Tina Faulkner,25476232630,376,Telkom Kenya,KE
Randy Cole,25470735124,497,Telkom Kenya,KE
Gregory Rodriguez PhD,25471630699,66,Airtel Kenya,KE
Brett Shelton,25472829523,149,Telkom Kenya,KE
Frank Riddle,25473571346,148,Telkom Kenya,KE
Gregory Charles,25472341508,195,Safaricom Kenya,KE
David Berry,25470507452,68,Airtel Kenya,KE
Amy Garrett,25476601516,50,Airtel Kenya,KE
Stephen Phillips,25476423694,219,Telkom Kenya,KE
Patricia Delgado,25478542701,309,Telkom Kenya,KE
Kathleen Mullins,25479545796,194,Safaricom Kenya,KE
Dr. Cynthia Ford,25475418801,398,Safaricom Kenya,KE
Michael Olson,25476752862,151,Airtel Kenya,KE
Jaclyn Roberts,25476535266,126,Telkom Kenya,KE
Laura Henry,25472436373,137,Safaricom Kenya,KE
Randy Jones,25473391559,347,Airtel Kenya,KE
Elizabeth Serrano,25473911102,453,Safaricom Kenya,KE
Brittany Gibson,25470325551,242,Telkom Kenya,KE
Linda Woodward,25478933912,125,Telkom Kenya,KE
Joseph Stevens,25475394603,388,Telkom Kenya,KE
Donna Williams,25474385100,161,Safaricom Kenya,KE
Lisa Cook,25478667195,289,Telkom Kenya,KE
Ellen Alvarado,25470860095,481,Safaricom Kenya,KE
Sean Beck,25474771293,403,Telkom Kenya,KE
Christine Braun,25475690678,142,Airtel Kenya,KE
Thomas Morris,25476640237,291,Airtel Kenya,KE
Becky Dawson,25474385690,188,Airtel Kenya,KE
Barbara Smith,25479743049,94,Airtel Kenya,KE
Greg Garcia,25472126848,127,Safaricom Kenya,KE
Matthew Moreno,25476113109,311,Safaricom Kenya,KE
Jennifer Peterson,25474981684,101,Telkom Kenya,KE
Walter Luna,25470538749,449,Safaricom Kenya,KE
Lauren Harrington,25471769332,106,Safaricom Kenya,KE
Charles James,25479992661,483,Safaricom Kenya,KE
Sergio Hunt,25474900974,406,Airtel Kenya,KE
Rachel Young,25470612336,273,Telkom Kenya,KE
Valerie Dixon,25479100670,142,Safaricom Kenya,KE
Joseph Thomas,25474320770,189,Airtel Kenya,KE
Renee Lyons,25476994473,157,Safaricom Kenya,KE
Mr. Frank Blake,25474500580,258,Telkom Kenya,KE
Timothy Fox,25478639634,85,Airtel Kenya,KE
Ralph Blair,25476975183,69,Airtel Kenya,KE
Mr. Jared Singleton,25477477521,126,Telkom Kenya,KE
Kevin Harrison,25479746269,250,Safaricom Kenya,KE
Sean Hammond,25476502154,124,Safaricom Kenya,KE
Carrie Lawson,25472194444,117,Safaricom Kenya,KE
Renee Owen,25470589784,272,Airtel Kenya,KE
Jennifer Vaughn,25472174664,153,Safaricom Kenya,KE
Carla Smith,25474627831,93,Safaricom Kenya,KE
Ronnie Silva,25471908904,449,Telkom Kenya,KE
Anthony Mcdonald,25471168640,197,Telkom Kenya,KE
Brittany Stewart,25470117370,214,Safaricom Kenya,KE
Joanna Hanson,25471343543,368,Airtel Kenya,KE
Courtney Avery,25475125590,315,Airtel Kenya,KE
Dawn Richardson,25479564426,227,Airtel Kenya,KE
Erika Horton,25470331368,83,Airtel Kenya,KE
Derrick Arnold,25470296901,156,Telkom Kenya,KE
Kristin Hall,25476312976,436,Airtel Kenya,KE
Vicki Brown,25479825393,129,Airtel Kenya,KE
Vickie Avila,25470524734,113,Safaricom Kenya,KE
Rachel Payne,25478397498,367,Airtel Kenya,KE
Karen Anderson,25478718727,285,Telkom Kenya,KE
Michelle Wilkerson,25470563376,165,Telkom Kenya,KE
Gregory Martinez,25479565129,492,Safaricom Kenya,KE
Tammy Byrd,25477867805,205,Safaricom Kenya,KE
Karen Brown,25478681007,126,Safaricom Kenya,KE
Carla Smith,25474407949,171,Airtel Kenya,KE
Katelyn Sanchez,25477211903,142,Airtel Kenya,KE
Thomas Woodard,25471966300,114,Airtel Kenya,KE
David Allen,25470485696,291,Airtel Kenya,KE
Brooke Johnson,25479931641,72,Telkom Kenya,KE
Patricia Whitaker,25476948332,380,Telkom Kenya,KE
Mary Khan,25476392294,376,Telkom Kenya,KE
Kelly Larsen,25479222552,73,Airtel Kenya,KE
Kimberly Bowen,25479328682,260,Safaricom Kenya,KE
Terry Daniel,25473731054,306,Telkom Kenya,KE
Andrea Johnson,25474815501,86,Airtel Kenya,KE
Isaac Key,25473598552,365,Airtel Kenya,KE
Taylor Krueger,25474295450,468,Safaricom Kenya,KE
David Lang,25473717478,216,Airtel Kenya,KE
Kristen Hayes,25470753459,129,Safaricom Kenya,KE
Mary Hamilton,25479880668,200,Telkom Kenya,KE
Renee Hendrix,25479716874,184,Airtel Kenya,KE
Lance Booker,25476673193,305,Telkom Kenya,KE
Meghan Alvarez,25472623990,421,Airtel Kenya,KE
Jason Ray,25477485058,108,Safaricom Kenya,KE
Alex Ramsey,25473160246,118,Airtel Kenya,KE
Michael Nguyen,25475142153,296,Telkom Kenya,KE
Stephanie Carter,25473445735,93,Safaricom Kenya,KE
Danielle Valdez,25478271190,151,Safaricom Kenya,KE
Alexis Rodriguez,25473651842,281,Airtel Kenya,KE
Alexis Mathis,25474200562,268,Safaricom Kenya,KE
Alicia Jordan,25472510354,103,Telkom Kenya,KE
Mark Williams,25479918408,141,Telkom Kenya,KE
Mrs. Amber Holmes,25475928226,496,Airtel Kenya,KE
Benjamin Nichols,25478171986,284,Telkom Kenya,KE
Jonathan Morales,25473944465,424,Airtel Kenya,KE
Michelle Davis,25479822744,268,Safaricom Kenya,KE
Mariah Manning,25476877378,443,Safaricom Kenya,KE
Derek Maddox,25471148207,274,Safaricom Kenya,KE
Crystal Alvarez,25478776587,445,Airtel Kenya,KE
Melanie Johnson,25474770040,50,Airtel Kenya,KE
Kathryn Ramirez,25470820353,117,Airtel Kenya,KE
Caroline Rice,25472601127,103,Telkom Kenya,KE
Dawn Baker,25478162895,122,Telkom Kenya,KE
Mark Levy,25473217879,313,Telkom Kenya,KE
Benjamin Knight,25474458305,218,Airtel Kenya,KE
Kenneth Collins,25470783871,163,Safaricom Kenya,KE
Roger Rivera,25473488812,237,Safaricom Kenya,KE
Rita Smith,25477472713,419,Airtel Kenya,KE
Michael Garcia,25471227408,231,Airtel Kenya,KE
Brent Stevens,25477940940,227,Safaricom Kenya,KE
Nathan Haynes,25471308437,304,Safaricom Kenya,KE
Brandi Lozano,25471981358,325,Airtel Kenya,KE
Amy Banks,25476897020,231,Airtel Kenya,KE
Sherry Singh,25472383128,198,Safaricom Kenya,KE
Stacey Garrett,25479524924,480,Safaricom Kenya,KE
Pamela Harris,25470985210,316,Airtel Kenya,KE
Michael Robbins,25472107541,498,Airtel Kenya,KE
Robert Miller,25478197079,168,Telkom Kenya,KE
Vickie Smith,25474606921,452,Safaricom Kenya,KE
Andrea Li,25475935063,162,Airtel Kenya,KE
Jason Saunders,25478865627,420,Telkom Kenya,KE
Steven Fowler,25475915216,144,Telkom Kenya,KE
William Moore,25476817284,324,Safaricom Kenya,KE
Antonio Cannon,25473600799,117,Safaricom Kenya,KE
Luis Walker,25474931959,349,Airtel Kenya,KE
Hector Taylor,25470194768,378,Safaricom Kenya,KE
Brian Sanchez,25474280108,425,Telkom Kenya,KE
James Chandler,25478188293,364,Telkom Kenya,KE
Noah Caldwell,25478264541,433,Telkom Kenya,KE
Kayla Anderson,25473490124,329,Telkom Kenya,KE
Jonathan Grant,25478627353,154,Airtel Kenya,KE
Andrew Walker,25477924892,113,Safaricom Kenya,KE
Terri Travis,25479714055,209,Safaricom Kenya,KE
Sonya Nunez,25472664052,268,Airtel Kenya,KE
Tara Barnes,25472893236,499,Airtel Kenya,KE
Justin Burch,25470525864,431,Telkom Kenya,KE
Jeffrey Long,25478432851,483,Safaricom Kenya,KE
Tammy Miller,25472426971,91,Airtel Kenya,KE
Lori Blanchard,25477865402,375,Telkom Kenya,KE
Trevor Mccoy,25471720042,267,Airtel Kenya,KE
Kristy Kennedy,25471295070,72,Airtel Kenya,KE
Joseph Clark,25475526551,84,Telkom Kenya,KE
Abigail Anderson,25474157404,218,Safaricom Kenya,KE
Matthew Vasquez,25473150167,151,Telkom Kenya,KE
Andrea Ramirez,25473458783,163,Airtel Kenya,KE
Diana Flores,25475113967,206,Telkom Kenya,KE
Charles Ewing,25477256741,83,Airtel Kenya,KE
Mary Ali,25472868351,209,Airtel Kenya,KE
Joseph Parrish,25473852788,252,Safaricom Kenya,KE
Manuel Garcia,25479576108,81,Safaricom Kenya,KE
Eileen Powell,25473781191,124,Telkom Kenya,KE
Katherine Horne,25479353657,142,Telkom Kenya,KE
Brooke Ramirez,25470630911,87,Airtel Kenya,KE
Kayla Stanton,25479101201,258,Airtel Kenya,KE
Alejandro Nunez,25478298111,85,Airtel Kenya,KE
Caitlin Cummings,25471901196,354,Telkom Kenya,KE
Amber Miller,25479836370,384,Telkom Kenya,KE
Bianca Harrison,25472212835,50,Telkom Kenya,KE
Susan Velasquez,25475338028,204,Safaricom Kenya,KE
Christian Bryant,25471378030,331,Safaricom Kenya,KE
Andrew Wilson,25470265312,360,Telkom Kenya,KE
Cassandra Patrick,25476933471,289,Safaricom Kenya,KE
Cheryl Nelson,25476585236,441,Airtel Kenya,KE
Bethany Holmes,25470468285,349,Telkom Kenya,KE
Michelle Murphy,25478710117,88,Telkom Kenya,KE
Kelly Johnson,25473403087,65,Safaricom Kenya,KE
Steven Dudley,25475971496,154,Telkom Kenya,KE
Pamela Robinson,25471605873,226,Safaricom Kenya,KE
Dana Sawyer,25479957815,274,Safaricom Kenya,KE
Mark Ramirez,25472445045,383,Telkom Kenya,KE
Dawn Molina,25479613679,456,Telkom Kenya,KE
Lauren Li,25473412005,70,Telkom Kenya,KE
Daniel Robinson,25472139842,322,Safaricom Kenya,KE
Kathryn Walker,25473850525,156,Airtel Kenya,KE
James Hoffman,25475186624,364,Telkom Kenya,KE
Adrienne Johnson,25479645470,116,Telkom Kenya,KE
Deborah Blackburn,25475686469,397,Telkom Kenya,KE
Joshua Carroll,25471713773,292,Telkom Kenya,KE
William Frank,25477561205,225,Safaricom Kenya,KE
Courtney Reed,25474986239,150,Airtel Kenya,KE
Nicole Brooks,25478106687,380,Airtel Kenya,KE
Anthony Reid,25479480928,157,Safaricom Kenya,KE
Marcus Bowers,25479673976,111,Airtel Kenya,KE
Natalie Klein,25471414150,320,Airtel Kenya,KE
Yesenia Zhang,25470650258,340,Airtel Kenya,KE
Connie Green,25473528848,460,Safaricom Kenya,KE
Shannon Young,25475580040,272,Safaricom Kenya,KE
Susan Powers,25470711130,273,Airtel Kenya,KE
Jenny Williams,25471255903,423,Airtel Kenya,KE
Adrian Rodgers,25478368927,280,Safaricom Kenya,KE
Robert Day,25477525955,98,Telkom Kenya,KE
Joyce Allen,25476281890,111,Telkom Kenya,KE
Kelsey Ortiz,25477323182,91,Airtel Kenya,KE
Peter Keller MD,25475195917,490,Safaricom Kenya,KE
Jose Armstrong,25470673976,372,Telkom Kenya,KE
Matthew Jones,25474370188,299,Airtel Kenya,KE
James Nelson,25472639776,105,Safaricom Kenya,KE
Kevin Cooper,25470156475,406,Safaricom Kenya,KE
Bryan Bradley,25470196230,173,Telkom Kenya,KE
Austin Wilson,25471797830,124,Safaricom Kenya,KE
Nicole Robinson,25477992403,396,Airtel Kenya,KE
Ms. Briana Hayes,25478790449,223,Telkom Kenya,KE
Jennifer Simpson,25476705495,57,Telkom Kenya,KE
Mr. Darrell Maynard,25479439173,266,Safaricom Kenya,KE
Ricky Dean,25479778040,216,Airtel Kenya,KE
Patricia Duncan,25470626287,109,Safaricom Kenya,KE
David Parsons,25479846016,219,Safaricom Kenya,KE
Donald Gonzalez,25470842889,356,Safaricom Kenya,KE
Christina Ward,25474286625,369,Airtel Kenya,KE
Mrs. Meredith Gray,25476241569,245,Safaricom Kenya,KE
Charles Newton,25476574094,382,Safaricom Kenya,KE
Patricia Wright,25476210938,378,Airtel Kenya,KE
Joshua Hayden,25477111082,295,Telkom Kenya,KE
Sophia Roberts,25473240406,355,Telkom Kenya,KE
Christopher Moore,25477207209,356,Airtel Kenya,KE
Jennifer White,25479545666,341,Airtel Kenya,KE
Alexis Henderson,25471313199,254,Airtel Kenya,KE
Elizabeth Mitchell,25470756504,189,Telkom Kenya,KE
Samuel Fisher,25474645644,407,Safaricom Kenya,KE
Michael Pierce,25479236722,257,Airtel Kenya,KE
Alexander Weber,25472853231,399,Airtel Kenya,KE
Christopher Adams,25476959640,400,Telkom Kenya,KE
Phillip Alvarez,25476782858,160,Telkom Kenya,KE
Patricia Richmond,25478944222,465,Safaricom Kenya,KE
Jennifer Smith,25477274860,295,Safaricom Kenya,KE
Joseph Gomez,25475651798,230,Telkom Kenya,KE
Douglas Lee,25476962016,206,Telkom Kenya,KE
Laura Ross,25473245509,380,Airtel Kenya,KE
David Gonzalez,25474867982,90,Telkom Kenya,KE
Melissa Williams,25478162211,337,Telkom Kenya,KE
Amy Perez PhD,25474847227,249,Safaricom Kenya,KE
Duane Simpson,25475278217,381,Airtel Kenya,KE
Samantha Wheeler,25472656795,465,Telkom Kenya,KE
Terry Ewing,25479470413,163,Telkom Kenya,KE
Bradley Green,25470568279,118,Airtel Kenya,KE
Daniel Thompson,25473940470,114,Telkom Kenya,KE
Brandon Barajas,25473484847,419,Airtel Kenya,KE
Olivia Allen,25471359298,289,Airtel Kenya,KE
Frederick Mckee,25471927284,391,Airtel Kenya,KE
Jessica Payne,25470570330,403,Telkom Kenya,KE
Chloe Baker,25470647483,428,Telkom Kenya,KE
Michael Hendricks,25471670852,57,Safaricom Kenya,KE
Brittany Erickson,25473869273,463,Safaricom Kenya,KE
Bill Jackson,25470790122,296,Safaricom Kenya,KE
Carlos Dunn,25471195695,487,Airtel Kenya,KE
Michael Wagner,25471815510,480,Telkom Kenya,KE
Deborah Hill,25476833482,209,Airtel Kenya,KE
Joshua Stokes,25470876264,369,Telkom Kenya,KE
Dana Weber,25471145843,339,Airtel Kenya,KE
Mrs. Vanessa Silva MD,25471840473,332,Airtel Kenya,KE
Ricky Phillips,25479351531,69,Airtel Kenya,KE
Zachary Rivera,25475177668,96,Safaricom Kenya,KE
Shawn Knight,25471758127,190,Airtel Kenya,KE
Melanie Williams,25478442408,298,Telkom Kenya,KE
Kelly Thompson,25471744923,425,Airtel Kenya,KE
Robert Braun,25474251889,143,Safaricom Kenya,KE
Craig Frank,25479302404,441,Telkom Kenya,KE
Samantha Cain,25474448045,100,Safaricom Kenya,KE
Julie Willis,25476360645,141,Airtel Kenya,KE
Nicholas Robertson,25478794028,366,Airtel Kenya,KE
Jonathan Olson,25470998673,490,Airtel Kenya,KE
Aaron Vazquez,25478687415,148,Telkom Kenya,KE
Dr. James Esparza,25477467805,86,Safaricom Kenya,KE
Joseph Small,25475515190,174,Safaricom Kenya,KE
Michael Moore,25471821606,77,Telkom Kenya,KE
Kim Massey,25471583748,264,Safaricom Kenya,KE
Martha Lucas,25475157869,209,Airtel Kenya,KE
Lindsay Bailey,25470962776,230,Telkom Kenya,KE
Nina Gutierrez,25478883799,94,Airtel Kenya,KE
Gwendolyn Rodriguez,25476686113,451,Telkom Kenya,KE
Ronald Anderson,25470967185,344,Telkom Kenya,KE
Michelle Scott,25473740182,373,Safaricom Kenya,KE
Miguel Johnson,25470222387,395,Telkom Kenya,KE
Connor Bradshaw,25476679495,365,Telkom Kenya,KE
Melissa Hill,25477663905,274,Telkom Kenya,KE
Micheal Gibson,25478567767,99,Telkom Kenya,KE
Jeremy Wood,25478341029,314,Airtel Kenya,KE
Brandon Harris,25473211181,293,Telkom Kenya,KE
Kimberly Carrillo,25473829959,425,Safaricom Kenya,KE
John Hill,25477360208,344,Telkom Kenya,KE
John Gill,25471285319,434,Telkom Kenya,KE
Lisa Foster,25478300047,363,Safaricom Kenya,KE
Alejandro Ford,25476893882,189,Safaricom Kenya,KE
Carol Rogers,25477565054,67,Safaricom Kenya,KE
Ian Porter,25479135428,132,Airtel Kenya,KE
Randall Snyder,25474935447,83,Airtel Kenya,KE
James Ingram,25478341891,266,Telkom Kenya,KE
Rebecca Powell,25473314545,72,Airtel Kenya,KE
Tony Barron,25474968300,126,Telkom Kenya,KE
Stephanie Drake,25473468588,197,Safaricom Kenya,KE
Brian Mayer,25473109458,311,Safaricom Kenya,KE
Erin Ruiz,25470465980,346,Airtel Kenya,KE
Robert Jones,25472690551,436,Airtel Kenya,KE
Sharon Blake,25472999808,497,Telkom Kenya,KE
Marcia Clark,25470484283,156,Safaricom Kenya,KE
Haley Howell,25473755249,437,Airtel Kenya,KE
John Martin,25479572043,210,Airtel Kenya,KE
Jose Fitzpatrick,25476597424,247,Telkom Kenya,KE
Katherine Thompson,25479405926,320,Telkom Kenya,KE
Brittany Mosley,25470607813,295,Telkom Kenya,KE
Julie Zhang,25478301199,304,Telkom Kenya,KE
Peter Howard,25474811481,245,Telkom Kenya,KE
Emily Adams,25475283445,80,Telkom Kenya,KE
Johnathan Hensley,25475219364,407,Telkom Kenya,KE
Shane Jones,25471318166,432,Telkom Kenya,KE
Kevin Smith,25475301595,338,Safaricom Kenya,KE
Kimberly Stanton,25472767707,400,Airtel Kenya,KE
Alex Salas,25479131766,109,Telkom Kenya,KE
Christopher Thompson,25477120850,312,Safaricom Kenya,KE
Katrina Garcia,25476942274,123,Safaricom Kenya,KE
Richard Underwood,25474873887,437,Safaricom Kenya,KE
Carolyn Elliott,25478584318,146,Telkom Kenya,KE
Mrs. Sheri Smith PhD,25477241224,195,Safaricom Kenya,KE
Tara Hubbard,25479552830,105,Airtel Kenya,KE
Brittany Richardson,25478351793,387,Telkom Kenya,KE
Nicole Brown,25471310596,241,Airtel Kenya,KE
David Austin,25476203804,82,Safaricom Kenya,KE
Jerry Chavez,25479438028,462,Telkom Kenya,KE
Amber Cobb,25476281174,481,Safaricom Kenya,KE
Ian Williams,25473780493,259,Safaricom Kenya,KE
Mark Herring,25477797841,382,Telkom Kenya,KE
Christopher Murphy,25471113243,327,Airtel Kenya,KE
Tony Adams,25477962264,96,Airtel Kenya,KE
Mark Garcia,25470530002,261,Telkom Kenya,KE
Thomas Jimenez,25470739896,451,Telkom Kenya,KE
Brandi Little,25474492753,261,Safaricom Kenya,KE
Heather Conway,25475305425,105,Telkom Kenya,KE
Erin Harris,25472136383,50,Safaricom Kenya,KE
Yolanda Perry,25477739840,332,Telkom Kenya,KE
Brian Bell,25475572558,100,Airtel Kenya,KE
Joshua Parsons,25474367195,193,Safaricom Kenya,KE
Catherine Lee,25475154018,57,Safaricom Kenya,KE
Anthony Pearson,25474173159,275,Airtel Kenya,KE
Mark Smith,25473744268,126,Telkom Kenya,KE
Christopher Barrett,25474293289,392,Airtel Kenya,KE
Katherine Dean,25474323934,231,Airtel Kenya,KE
Elizabeth Jones,25474172903,500,Telkom Kenya,KE
Tina Miller,25470671770,297,Safaricom Kenya,KE
Nathan Johnson,25476511818,50,Safaricom Kenya,KE
Mr. Vincent Gordon,25471442555,399,Airtel Kenya,KE
Kirk Mitchell,25478823537,59,Airtel Kenya,KE
Kristy Foster,25473789726,380,Telkom Kenya,KE
Antonio Kirk,25473872590,479,Airtel Kenya,KE
Brandon Haney,25472641324,145,Safaricom Kenya,KE
Daniel Perez,25476359695,114,Airtel Kenya,KE
Andrea Bates,25478840913,456,Airtel Kenya,KE
Glenn Allen,25471283540,103,Airtel Kenya,KE
Kent Taylor,25478878371,401,Airtel Kenya,KE
Theresa Boyd,25476966546,324,Telkom Kenya,KE
Lauren Hanna,25474234378,69,Telkom Kenya,KE
Jennifer Hoffman,25475775644,342,Telkom Kenya,KE
Marissa Stewart,25477564741,245,Airtel Kenya,KE
Beth Contreras,25477600411,352,Safaricom Kenya,KE
Karen Conway,25475406598,408,Telkom Kenya,KE
Charles Guzman,25472759335,381,Airtel Kenya,KE
Linda Lane,25470281724,480,Safaricom Kenya,KE
Christopher Bell,25470706429,376,Safaricom Kenya,KE
Hailey Blake,25478154810,426,Airtel Kenya,KE
Anthony Brock,25476996891,235,Telkom Kenya,KE
Brandon Hansen,25470545415,65,Telkom Kenya,KE
Justin Lee,25479453964,56,Telkom Kenya,KE
Shawn Johnson,25476818201,223,Airtel Kenya,KE
Stephen Kane,25476676250,387,Airtel Kenya,KE
Austin Barrett DDS,25472823805,292,Telkom Kenya,KE
Michael Ross,25475969002,156,Safaricom Kenya,KE
Robert Butler,25472810603,263,Airtel Kenya,KE
Michelle Ford,25470645739,354,Safaricom Kenya,KE
Christine Davila,25471295347,301,Airtel Kenya,KE
Lorraine Sanchez,25473327259,183,Safaricom Kenya,KE
Jacqueline Brooks,25479369836,183,Airtel Kenya,KE
Benjamin Liu,25479418177,217,Safaricom Kenya,KE
Laura Simmons,25472867843,402,Safaricom Kenya,KE
Dawn Smith,25474496748,79,Telkom Kenya,KE
Shawn Klein,25477419602,436,Airtel Kenya,KE
Michael Williams,25478437927,491,Safaricom Kenya,KE
Lauren King,25476460876,481,Safaricom Kenya,KE
William Estrada,25472252678,373,Safaricom Kenya,KE
Teresa Johnson,25470595283,161,Airtel Kenya,KE
Larry Hendricks,25472630960,244,Airtel Kenya,KE
Mrs. Danielle Lambert,25475721565,212,Safaricom Kenya,KE
Elizabeth Moreno,25476450446,408,Safaricom Kenya,KE
Jasmine Cardenas,25479554158,309,Airtel Kenya,KE
Jason Swanson,25471588526,130,Safaricom Kenya,KE
Kathy Navarro,25475518366,430,Safaricom Kenya,KE
Veronica Harris,25478128697,213,Safaricom Kenya,KE
Robin Martin,25478745969,99,Telkom Kenya,KE
Wendy Flores,25479127681,252,Airtel Kenya,KE
Frank Freeman,25479343464,302,Safaricom Kenya,KE
Dr. Shawn Lopez,25477641132,478,Airtel Kenya,KE
Catherine Lee,25470801185,413,Airtel Kenya,KE
Michelle Bowman,25479716005,286,Airtel Kenya,KE
Amanda Jones,25474488703,266,Safaricom Kenya,KE
Helen House,25477864723,145,Telkom Kenya,KE
Dennis Moore,25474573259,156,Safaricom Kenya,KE
Mario Wilson,25473929332,181,Airtel Kenya,KE
Sheryl Ferguson,25472287677,113,Safaricom Kenya,KE
Linda Price,25473344050,97,Airtel Kenya,KE
Gregory Ho,25479945922,439,Telkom Kenya,KE
Diane Bruce,25473803044,163,Safaricom Kenya,KE
John Yoder,25470821790,97,Safaricom Kenya,KE
Amy Nichols,25477408315,216,Safaricom Kenya,KE
Ashley Rocha,25474502727,410,Airtel Kenya,KE
Bonnie Cruz,25473416952,79,Telkom Kenya,KE
Melanie Walker,25472114591,218,Airtel Kenya,KE
Hunter Guerrero,25470598779,284,Telkom Kenya,KE
Heather Flores,25470908208,115,Safaricom Kenya,KE
George Johnson,25474500380,400,Airtel Kenya,KE
Lauren Tyler,25477389470,296,Safaricom Kenya,KE
John Horton,25479728531,139,Telkom Kenya,KE
Kristina Simpson,25473534326,76,Telkom Kenya,KE
Tanya Wells,25474177604,355,Safaricom Kenya,KE
Tracy Hayes,25479701759,369,Airtel Kenya,KE
Angela Dean,25475182530,92,Telkom Kenya,KE
Erica Martinez,25475870565,146,Telkom Kenya,KE
Tracey Brown,25470575004,398,Safaricom Kenya,KE
Christopher Rosario,25475743439,434,Airtel Kenya,KE
Tammie Ramsey,25478616970,238,Airtel Kenya,KE
Daniel Jackson,25472459040,476,Airtel Kenya,KE
Jacqueline Miller,25475809905,208,Telkom Kenya,KE
Jill Robbins,25475891007,364,Safaricom Kenya,KE
Shelby Poole,25470202003,430,Airtel Kenya,KE
Whitney James,25471873407,475,Airtel Kenya,KE
Deborah Olson,25477863690,414,Airtel Kenya,KE
Jesse Garcia,25476493056,370,Safaricom Kenya,KE
David Warner,25479213451,343,Airtel Kenya,KE
Manuel Smith,25478742646,293,Airtel Kenya,KE
Jeffrey Palmer,25471988839,129,Safaricom Kenya,KE
Mary Crosby,25479432514,163,Airtel Kenya,KE
Vanessa Robinson,25472791310,402,Safaricom Kenya,KE
Zachary Elliott,25475811707,451,Telkom Kenya,KE
Matthew Alvarado,25479677681,63,Airtel Kenya,KE
Keith Robbins,25470418161,114,Airtel Kenya,KE
Taylor Ramirez,25478144449,50,Safaricom Kenya,KE
Maxwell Howard,25470877483,199,Safaricom Kenya,KE
Cody Smith,25478360613,168,Telkom Kenya,KE
Krista Clarke,25475282776,135,Telkom Kenya,KE
Cody Jenkins,25471239965,102,Airtel Kenya,KE
Janet Thomas,25477532594,500,Airtel Kenya,KE
Kelly Mendez,25478800139,496,Airtel Kenya,KE
Robert Holloway,25471481589,313,Airtel Kenya,KE
Amber Doyle,25478914844,280,Telkom Kenya,KE
Cassandra Mccarthy,25471620963,374,Airtel Kenya,KE
Sarah Martin,25476805108,430,Airtel Kenya,KE
Debra Lee,25471538917,318,Safaricom Kenya,KE
Hayley Price,25470123992,140,Airtel Kenya,KE
April Cuevas,25477502177,283,Airtel Kenya,KE
Jason Bowen,25470372586,448,Telkom Kenya,KE
Pedro Evans,25474378996,234,Airtel Kenya,KE
Christopher Todd,25478790924,211,Telkom Kenya,KE
Joshua Armstrong,25470305539,439,Safaricom Kenya,KE
Nicholas Sanders,25477747042,139,Airtel Kenya,KE
Kaitlyn Ward,25470191681,499,Safaricom Kenya,KE
James Arellano,25479241065,479,Airtel Kenya,KE
Tiffany Sandoval,25476955679,395,Telkom Kenya,KE
Jim Gibbs,25479492823,252,Airtel Kenya,KE
David Nguyen,25472928863,242,Telkom Kenya,KE
Daniel Flowers,25472657631,199,Airtel Kenya,KE
Morgan Ferguson,25479577573,334,Airtel Kenya,KE
Jonathan Johnson,25473246835,319,Telkom Kenya,KE
Brianna Prince,25472443385,474,Safaricom Kenya,KE
George Dudley,25474600422,434,Airtel Kenya,KE
Michelle Cobb,25479920910,489,Safaricom Kenya,KE
Jacqueline Weaver,25474399818,379,Telkom Kenya,KE
Eric Jordan,25472811695,468,Safaricom Kenya,KE
Allison Hill,25479421585,426,Safaricom Kenya,KE
Daniel May,25476410030,286,Airtel Kenya,KE
Rebekah Brown,25476544904,140,Telkom Kenya,KE
Christopher Briggs,25474990709,169,Safaricom Kenya,KE
Christopher Bird,25476187878,186,Safaricom Kenya,KE
Heather Harper,25479800159,127,Telkom Kenya,KE
Michelle Jimenez,25472297030,332,Airtel Kenya,KE
Gary Morris,25479904410,435,Telkom Kenya,KE
Jennifer Ortiz,25479391546,293,Telkom Kenya,KE
Jacqueline Chang,25471606613,385,Airtel Kenya,KE
Emily Hall,25479946508,66,Safaricom Kenya,KE
Devin Hernandez,25478356313,105,Telkom Kenya,KE
Kristen Santos,25475888246,75,Safaricom Kenya,KE
Jennifer Knight,25474849071,236,Airtel Kenya,KE
Preston Thomas,25471605426,382,Telkom Kenya,KE
Tamara Santos,25479965370,247,Telkom Kenya,KE
Nathaniel Castillo,25478610306,176,Telkom Kenya,KE
Hannah Hughes,25473796948,496,Safaricom Kenya,KE
Brian Gonzalez,25478826790,316,Safaricom Kenya,KE
Pedro Cross,25476871299,487,Airtel Kenya,KE
Michael Estrada,25474218493,473,Safaricom Kenya,KE
Nicholas King,25477956764,326,Telkom Kenya,KE
Michael Clay,25478368338,280,Telkom Kenya,KE
Christina Rivera,25479448156,399,Airtel Kenya,KE
Charles Walker,25473787716,194,Safaricom Kenya,KE
Karen Potter,25475731569,335,Safaricom Kenya,KE
Molly Christensen,25474303561,425,Telkom Kenya,KE
Leah Thomas,25471366210,314,Airtel Kenya,KE
Catherine Burke,25477846471,267,Airtel Kenya,KE
Kelly Vargas,25473222149,357,Airtel Kenya,KE
Aaron Morris,25475855758,200,Safaricom Kenya,KE
Rebecca Thompson,25479993012,280,Safaricom Kenya,KE
Dennis Mendoza,25479154376,396,Safaricom Kenya,KE
Darlene Parsons,25470133506,92,Telkom Kenya,KE
Michael Roberts,25473460365,348,Telkom Kenya,KE
Edwin Richardson,25471107823,310,Airtel Kenya,KE
William Nguyen,25478603946,67,Airtel Kenya,KE
Jesus Reynolds,25471332302,312,Telkom Kenya,KE
Amy Mcdonald MD,25477777352,454,Safaricom Kenya,KE
Jonathan Kelley,25475273994,490,Safaricom Kenya,KE
Mary Cardenas,25474313979,228,Airtel Kenya,KE
Taylor Harris,25474464508,81,Safaricom Kenya,KE
Hannah Butler,25478416427,213,Telkom Kenya,KE
Elizabeth Potter,25472844897,278,Telkom Kenya,KE
Valerie White,25476118849,375,Airtel Kenya,KE
George Lewis,25470967659,149,Telkom Kenya,KE
Amber Morgan,25473230025,403,Airtel Kenya,KE
Michelle Lewis,25474136006,281,Safaricom Kenya,KE
Charles Brown,25473620332,415,Safaricom Kenya,KE
Drew Martin,25470740776,323,Telkom Kenya,KE
Paul Rice,25479927691,360,Telkom Kenya,KE
Justin Weber,25471821089,152,Telkom Kenya,KE
Evelyn Allen,25478517126,492,Safaricom Kenya,KE
Brent Stone,25479118276,239,Safaricom Kenya,KE
Laura Martin,25475741403,82,Safaricom Kenya,KE
Lisa Kramer,25471536175,444,Airtel Kenya,KE
Brandon Wells,25478993732,219,Safaricom Kenya,KE
Christopher Johnston,25471263604,458,Safaricom Kenya,KE
Maurice Young,25470213934,226,Safaricom Kenya,KE
Eric Bailey,25479711917,486,Safaricom Kenya,KE
Jason Nelson,25479998010,379,Telkom Kenya,KE
George Macias,25478808157,162,Safaricom Kenya,KE
Alexander Hamilton,25475989052,405,Airtel Kenya,KE
Thomas Ray,25478936374,381,Airtel Kenya,KE
Olivia Bowman,25473667863,283,Airtel Kenya,KE
Gordon Edwards,25470130278,300,Telkom Kenya,KE
Brenda Anderson,25475250240,294,Telkom Kenya,KE
Samuel Spears,25472854821,481,Telkom Kenya,KE
Tina Mosley,25472210354,88,Safaricom Kenya,KE
Jessica Miller,25479324868,344,Telkom Kenya,KE
Mitchell Cunningham,25473446630,366,Safaricom Kenya,KE
Bailey Swanson,25471885662,201,Safaricom Kenya,KE
Brett Mcguire,25475662746,343,Airtel Kenya,KE
Rodney Tucker,25476274229,476,Telkom Kenya,KE
Jimmy Bruce,25476825570,323,Safaricom Kenya,KE
William Spencer,25473480654,344,Airtel Kenya,KE
Vincent Taylor,25475678042,62,Safaricom Kenya,KE
Adam Salazar,25474471488,324,Safaricom Kenya,KE
Kathleen Simmons,25479160652,154,Airtel Kenya,KE
Samantha Mayer,25476882609,270,Telkom Kenya,KE
Cynthia Lopez,25472785780,81,Safaricom Kenya,KE
Ronald Williams,25472860999,483,Airtel Kenya,KE
Brett Barrera,25478216043,167,Airtel Kenya,KE
Evan Stark,25478672946,362,Safaricom Kenya,KE
Aimee Riley,25476465869,336,Airtel Kenya,KE
Brian Sharp,25471383657,458,Safaricom Kenya,KE
Gina Scott,25471808030,77,Telkom Kenya,KE
Preston Neal,25479288431,328,Airtel Kenya,KE
Katherine Barnes,25472781917,394,Airtel Kenya,KE
Keith Wilson,25477192869,69,Telkom Kenya,KE
Kathleen Morgan,25475244339,83,Airtel Kenya,KE
Sarah Brown,25471574640,308,Telkom Kenya,KE
Julie Mendez,25478447999,213,Safaricom Kenya,KE
Tim Grant,25474857754,354,Telkom Kenya,KE
Lauren Yang,25477624373,371,Safaricom Kenya,KE
Tracy Hodge,25479855625,458,Airtel Kenya,KE
Scott Stanley,25476399174,330,Airtel Kenya,KE
Mary Haynes,25472882164,457,Safaricom Kenya,KE
Jaime Cooper,25475229808,438,Airtel Kenya,KE
Kevin Young,25474959059,265,Airtel Kenya,KE
Steven Parrish,25472120136,470,Airtel Kenya,KE
Jeffrey Ellis,25471648214,321,Telkom Kenya,KE
Elizabeth Hahn,25472830649,344,Airtel Kenya,KE
Jessica Martin,25473169383,283,Safaricom Kenya,KE
Michael Gonzales,25475686559,440,Safaricom Kenya,KE
John Davis,25477718680,403,Safaricom Kenya,KE
Megan Mcclure,25472988799,113,Telkom Kenya,KE
Nicholas Austin,25474643935,422,Telkom Kenya,KE
Tyler Morales,25470472083,154,Airtel Kenya,KE
Steven Richards,25477815912,351,Telkom Kenya,KE
Alvin Wilson,25470571665,329,Telkom Kenya,KE
Jennifer Grant DDS,25470928196,80,Telkom Kenya,KE
Thomas Stephenson,25478185080,345,Telkom Kenya,KE
Cassidy Martinez,25479976199,63,Airtel Kenya,KE
Nancy Wyatt,25475881337,452,Airtel Kenya,KE
Cynthia Winters,25473758579,132,Telkom Kenya,KE
Sara Taylor,25474990534,400,Safaricom Kenya,KE
Austin Wood,25477460710,234,Airtel Kenya,KE
Alexandria Evans,25478783054,447,Safaricom Kenya,KE
Steven Villarreal,25472503735,309,Telkom Kenya,KE
Elizabeth Sparks,25471932254,222,Airtel Kenya,KE
Jonathan Smith,25479201695,240,Airtel Kenya,KE
Kayla Charles,25475574506,188,Airtel Kenya,KE
Kathryn Collins,25476817228,176,Airtel Kenya,KE
Brenda Day,25472668137,457,Telkom Kenya,KE
Lisa Garcia,25471608758,401,Safaricom Kenya,KE
Matthew Martinez,25479371637,77,Airtel Kenya,KE
Jeremy Sullivan,25479445701,95,Telkom Kenya,KE
John Nguyen,25478655241,185,Telkom Kenya,KE
Crystal Duncan,25474202048,328,Safaricom Kenya,KE
Mark Smith,25472296423,189,Airtel Kenya,KE
Craig Mcclain,25471466684,384,Telkom Kenya,KE
Heather Lopez,25476903210,473,Telkom Kenya,KE
William Hunt,25477715729,69,Telkom Kenya,KE
Stephanie Bradley,25476852090,172,Telkom Kenya,KE
Hector Greer,25478980644,401,Safaricom Kenya,KE
Michael Hess,25470218871,304,Telkom Kenya,KE
Christopher Hamilton,25476959865,57,Safaricom Kenya,KE
Richard Larson,25474111409,213,Airtel Kenya,KE
Roy Marshall,25471245095,478,Telkom Kenya,KE
Michelle Jones,25470601240,103,Telkom Kenya,KE
Madison Flynn,25470140250,363,Telkom Kenya,KE
Tami Cruz,25471832645,349,Safaricom Kenya,KE
Jesse Butler,25471753754,403,Airtel Kenya,KE
Robert Russell,25477621628,220,Airtel Kenya,KE
Jennifer Cooper,25471313687,184,Airtel Kenya,KE
Ashley Dunn,25476911725,457,Safaricom Kenya,KE
Eric Stein,25479327043,196,Telkom Kenya,KE
Brian Kennedy,25471940849,97,Safaricom Kenya,KE
James Briggs,25473691410,150,Safaricom Kenya,KE
David Armstrong,25474407230,438,Telkom Kenya,KE
Jeffrey Baker,25472732331,337,Airtel Kenya,KE
Richard Hess,25473901803,329,Airtel Kenya,KE
John Hess,25474851121,238,Airtel Kenya,KE
Samantha Tucker,25474731650,369,Telkom Kenya,KE
Kenneth Riley Jr.,25477322718,104,Airtel Kenya,KE
Jessica Williams,25475250145,196,Telkom Kenya,KE
Francisco French,25470746207,143,Safaricom Kenya,KE
Jenny Wheeler,25479586134,419,Telkom Kenya,KE
Sarah Sharp,25474143626,448,Safaricom Kenya,KE
Mr. Cory Holloway,25473384760,125,Airtel Kenya,KE
Erin Lindsey,25475789871,146,Airtel Kenya,KE
Brandon Snow,25477266736,425,Airtel Kenya,KE
Linda Vasquez,25475490620,170,Airtel Kenya,KE
Joseph Meyer,25476201354,282,Telkom Kenya,KE
Jessica Cruz,25475119421,463,Telkom Kenya,KE
Thomas Villa,25472997304,466,Telkom Kenya,KE
Patrick Thornton,25472133775,60,Telkom Kenya,KE
Michelle Brewer,25478198408,211,Airtel Kenya,KE
Taylor Campbell,25473974955,82,Telkom Kenya,KE
Autumn Jarvis,25476569425,281,Airtel Kenya,KE
Nicholas Martin,25476633482,482,Safaricom Kenya,KE
Kim Stephens,25476166680,100,Airtel Kenya,KE
Julie Parker,25476253153,360,Telkom Kenya,KE
Dillon Glass,25475921798,64,Airtel Kenya,KE
Aimee Nelson,25473542412,349,Telkom Kenya,KE
Henry Nelson,25470779054,364,Safaricom Kenya,KE
Vicki Riddle,25471587567,202,Telkom Kenya,KE
Erika Tucker,25475353133,189,Airtel Kenya,KE
Amy Smith,25476558942,69,Airtel Kenya,KE
Alex Lamb,25471527696,90,Telkom Kenya,KE
Jason Hodges,25474861390,309,Safaricom Kenya,KE
Rachel Nelson,25476976791,359,Safaricom Kenya,KE
David Ballard,25472285066,344,Telkom Kenya,KE
Anthony Wright,25471455653,426,Safaricom Kenya,KE
Susan Cox,25474656988,422,Telkom Kenya,KE
Lori Hoffman,25479325931,416,Airtel Kenya,KE
Evan Wilson,25477407682,182,Telkom Kenya,KE
Michael Martinez,25479892534,472,Safaricom Kenya,KE
David Johnson,25476840370,320,Airtel Kenya,KE
Jeremy Bennett,25470682382,303,Telkom Kenya,KE
Mrs. Dana Schmidt,25479470439,393,Telkom Kenya,KE
Timothy Taylor,25474950395,221,Airtel Kenya,KE
Randall Delacruz,25477892949,276,Telkom Kenya,KE
Heidi Carter,25475202109,244,Telkom Kenya,KE
Christian Hill,25476314609,445,Airtel Kenya,KE
Christopher Jones,25473544053,112,Telkom Kenya,KE
Robert Smith,25473350339,484,Telkom Kenya,KE
Rachel Perez,25477708751,240,Telkom Kenya,KE
April Higgins,25478350628,458,Telkom Kenya,KE
Mary Silva,25475262647,376,Airtel Kenya,KE
Jennifer Miller,25476396682,107,Airtel Kenya,KE
Sheena Oneal,25472395261,108,Telkom Kenya,KE
Richard Ortiz,25476200524,442,Telkom Kenya,KE
Michael Thompson,25478870564,368,Safaricom Kenya,KE
Kevin Faulkner,25479890099,83,Safaricom Kenya,KE
Lisa Bates,25472595257,255,Safaricom Kenya,KE
Erin Ramirez,25478797359,125,Airtel Kenya,KE
Gabrielle Snyder,25471363133,380,Airtel Kenya,KE
Matthew Lynn,25474330239,305,Safaricom Kenya,KE
Amanda Jones,25470119729,286,Safaricom Kenya,KE
Mrs. Jennifer Marquez DVM,25475720569,381,Telkom Kenya,KE
Allison King,25475964775,437,Telkom Kenya,KE
Jasmin Moreno,25472268572,68,Safaricom Kenya,KE
Ian Oconnor PhD,25470313039,62,Airtel Kenya,KE
John Bowen,25479676446,372,Safaricom Kenya,KE
Michael Fisher,25472447159,375,Safaricom Kenya,KE
Susan Caldwell,25476589265,316,Airtel Kenya,KE
Crystal Morales,25473292011,75,Airtel Kenya,KE
John Atkinson,25471874993,62,Safaricom Kenya,KE
Brent Brooks,25475584114,235,Telkom Kenya,KE
Scott Kelly,25477361896,373,Safaricom Kenya,KE
Angelica Bell,25471164017,283,Telkom Kenya,KE
Arthur Chen,25473897426,58,Safaricom Kenya,KE
Jennifer Sheppard,25471402802,141,Safaricom Kenya,KE
Madeline Benitez,25479954965,250,Telkom Kenya,KE
Anthony Green,25476563381,349,Airtel Kenya,KE
Paul Cunningham DDS,25470504876,284,Telkom Kenya,KE
Kevin Brown,25471519175,477,Safaricom Kenya,KE
Wendy Flores,25472855230,216,Telkom Kenya,KE
Lauren Burch,25479221796,242,Airtel Kenya,KE
Sharon Hughes,25471166910,178,Airtel Kenya,KE
Sean Allen,25470415296,492,Airtel Kenya,KE
Felicia Taylor,25472945766,65,Telkom Kenya,KE
Erin Castro,25477141172,54,Safaricom Kenya,KE
Andrew Valenzuela,25479663659,72,Airtel Kenya,KE
John Carlson,25477999226,483,Airtel Kenya,KE
Maria Hendricks,25477116247,175,Airtel Kenya,KE
John Brooks,25479970992,121,Safaricom Kenya,KE
Adrian Davis,25479650775,384,Airtel Kenya,KE
Katie Marsh,25471932582,309,Airtel Kenya,KE
Michelle Martin,25470349524,61,Airtel Kenya,KE
Mr. Carl Johnston,25471299267,428,Telkom Kenya,KE
Janet Lowery,25474892076,420,Airtel Kenya,KE
Sarah Knight,25475839074,324,Safaricom Kenya,KE
Thomas Cowan,25475551617,104,Telkom Kenya,KE
Mary Hood,25470259257,411,Airtel Kenya,KE
Janet Adams,25478400428,428,Telkom Kenya,KE
Karen Lee,25471616103,355,Airtel Kenya,KE
Audrey Briggs,25471254038,373,Telkom Kenya,KE
Michael Snyder,25476439012,208,Telkom Kenya,KE
Michael Sparks,25471546722,227,Telkom Kenya,KE
Richard Reyes,25473247520,228,Airtel Kenya,KE
Paige Winters,25471815041,333,Telkom Kenya,KE
Richard Taylor,25472551208,382,Safaricom Kenya,KE
Elizabeth Carter,25476423964,179,Telkom Kenya,KE
Kimberly Young,25474849810,245,Telkom Kenya,KE
Donald Molina,25479872991,289,Safaricom Kenya,KE
Nicholas Figueroa,25474133015,148,Telkom Kenya,KE
Pamela Kelley,25471703623,211,Safaricom Kenya,KE
Christopher Cook,25479220580,184,Telkom Kenya,KE
James Williams,25479946131,210,Safaricom Kenya,KE
Stephanie Kelly,25471379200,298,Safaricom Kenya,KE
Theresa Burgess,25476870483,285,Telkom Kenya,KE
Randall Parker,25470947018,362,Safaricom Kenya,KE
Jacob Jenkins,25479666213,299,Safaricom Kenya,KE
Larry Parks,25471992548,326,Airtel Kenya,KE
Adam Velez,25473389958,326,Safaricom Kenya,KE
Peter Smith,25471459644,450,Safaricom Kenya,KE
Charles Rogers,25474579124,478,Telkom Kenya,KE
Seth Fitzgerald,25472701158,302,Safaricom Kenya,KE
Amber Thompson,25473909190,476,Telkom Kenya,KE
Mark Thomas,25476213067,346,Telkom Kenya,KE
Kelly Hayes,25474539129,112,Safaricom Kenya,KE
Penny Nelson,25475129553,92,Airtel Kenya,KE
Erin Smith,25476604461,485,Telkom Kenya,KE
Michael Welch,25472373411,204,Safaricom Kenya,KE
Jeffery Mccormick,25474221698,246,Telkom Kenya,KE
Joshua Nixon,25474387577,397,Telkom Kenya,KE
Brittany Bailey,25477479935,72,Safaricom Kenya,KE
Eric Wang,25477694911,244,Telkom Kenya,KE
Brendan Bentley,25477136274,349,Airtel Kenya,KE
Kimberly Conley,25478595244,448,Airtel Kenya,KE
Roy Marshall,25476280059,490,Airtel Kenya,KE
Robin Gonzalez,25474778087,300,Airtel Kenya,KE
Michael Miller,25472481479,253,Airtel Kenya,KE
Deborah Perez,25474342829,440,Airtel Kenya,KE
Ashlee Mclean,25473932027,486,Airtel Kenya,KE
Matthew Huber,25479189204,206,Telkom Kenya,KE
Michele Mcdonald,25475430215,190,Safaricom Kenya,KE
Stephanie Owens,25476819753,473,Safaricom Kenya,KE
Jesse Nguyen,25475933275,172,Airtel Kenya,KE
Amanda Wright,25471908436,307,Telkom Kenya,KE
Rachel Wilson,25475985036,300,Airtel Kenya,KE
Elizabeth Bryant,25477344319,398,Safaricom Kenya,KE
Kristin Ayala,25477889437,182,Safaricom Kenya,KE
Eric Austin,25479117776,212,Safaricom Kenya,KE
Gary Escobar,25477937296,379,Airtel Kenya,KE
Scott Jimenez,25474640535,96,Telkom Kenya,KE
Morgan Ramirez,25477302161,200,Telkom Kenya,KE
Steven Morgan,25471590268,328,Safaricom Kenya,KE
Aaron Shepherd,25470722220,371,Airtel Kenya,KE
Thomas King,25477857854,178,Telkom Kenya,KE
Debbie Peterson,25474614910,270,Airtel Kenya,KE
Tammy Henry,25478703803,210,Safaricom Kenya,KE
Sydney Ward MD,25475148589,170,Safaricom Kenya,KE
Maria Hudson,25474810167,404,Airtel Kenya,KE
Philip Boyer,25476992862,247,Airtel Kenya,KE
Charles Ward,25472167880,201,Airtel Kenya,KE
Isaiah Wilson,25478738391,491,Airtel Kenya,KE
Robert Dixon,25472627517,237,Airtel Kenya,KE
Shane Chapman,25479175701,432,Safaricom Kenya,KE
Gina Ramos,25470828983,235,Safaricom Kenya,KE
David Rubio,25478209663,55,Safaricom Kenya,KE
Whitney Lewis,25476408691,105,Airtel Kenya,KE
Michael Hall,25471343153,283,Telkom Kenya,KE
Joshua Lee,25475752130,101,Telkom Kenya,KE
Cynthia Espinoza,25479410611,134,Safaricom Kenya,KE
Jessica Reynolds,25471608125,94,Telkom Kenya,KE
Michael Roberts,25477254314,145,Airtel Kenya,KE
Micheal Burton,25473230833,459,Safaricom Kenya,KE
James Williams,25472840201,107,Safaricom Kenya,KE
Brandi Smith,25479215104,477,Telkom Kenya,KE
Martha Pollard,25476801255,390,Telkom Kenya,KE
Shane Solis,25479433879,463,Airtel Kenya,KE
Charles Scott,25476348145,430,Safaricom Kenya,KE
Sarah Johnson,25479884149,388,Telkom Kenya,KE
Larry Weber,25471328577,210,Telkom Kenya,KE
Juan Wiggins,25472408078,179,Telkom Kenya,KE
Kimberly Lowery,25471587809,379,Airtel Kenya,KE
Natalie Romero,25477524354,89,Airtel Kenya,KE
Anthony Thompson,25472979090,100,Airtel Kenya,KE
Connie Kerr,25479657743,343,Telkom Kenya,KE
Todd Johnson,25478552178,106,Safaricom Kenya,KE
Adam Fuller,25475303216,397,Safaricom Kenya,KE
John Sellers,25479840650,359,Safaricom Kenya,KE
Janice Ryan,25479621302,337,Telkom Kenya,KE
Maria Davis,25473525922,147,Airtel Kenya,KE
James Becker,25470156725,343,Telkom Kenya,KE
Rachael Salazar,25475744239,329,Airtel Kenya,KE
Kelly Brown,25471540620,419,Safaricom Kenya,KE
Jimmy Herrera,25472376480,355,Airtel Kenya,KE
Robert Rodriguez,25478932951,239,Airtel Kenya,KE
Joseph Obrien,25470557042,372,Safaricom Kenya,KE
Kathleen Romero,25478522933,199,Airtel Kenya,KE
Paul Smith,25476901894,104,Airtel Kenya,KE
Mark Bailey,25478441171,331,Safaricom Kenya,KE
Randall Hoover,25478686981,107,Safaricom Kenya,KE
Emily Garcia,25476154900,187,Telkom Kenya,KE
Carol Huffman,25478971778,72,Telkom Kenya,KE
Michael Rogers,25479474753,84,Safaricom Kenya,KE
Jodi Shepherd,25475105384,291,Telkom Kenya,KE
Heather Montes,25474776697,72,Safaricom Kenya,KE
Shannon Rivera,25472986444,315,Telkom Kenya,KE
Melissa Rodriguez,25475747326,51,Airtel Kenya,KE
Sonya Contreras,25471750883,451,Safaricom Kenya,KE
Megan Moore,25473847462,276,Airtel Kenya,KE
Jacob Love,25477563378,303,Airtel Kenya,KE
Sarah Morris,25475404433,300,Safaricom Kenya,KE
Jeff Myers,25477202892,89,Safaricom Kenya,KE
Tabitha Sweeney,25477898979,118,Airtel Kenya,KE
Regina Gardner,25477385628,272,Telkom Kenya,KE
Daisy Ward,25472346228,405,Airtel Kenya,KE
Jeffrey Foster,25472293023,488,Safaricom Kenya,KE
Phyllis Best,25470366586,148,Safaricom Kenya,KE
Jessica Barr,25475970850,201,Safaricom Kenya,KE
Ryan Davis,25478170937,491,Safaricom Kenya,KE
Dawn Long,25476520827,354,Airtel Kenya,KE
Tonya Foster,25479526853,57,Airtel Kenya,KE
Susan Ho,25470465111,422,Airtel Kenya,KE
David Davis,25474333771,137,Airtel Kenya,KE
Carlos Smith,25478640203,61,Airtel Kenya,KE
Marcus Johnson,25473223338,189,Safaricom Kenya,KE
Mr. Michael Gutierrez,25471444887,431,Airtel Kenya,KE
Kristine Smith,25474843663,449,Telkom Kenya,KE
Elizabeth Ruiz,25474126708,326,Telkom Kenya,KE
Darrell Jackson,25478901293,190,Safaricom Kenya,KE
Krista Williams MD,25474265294,369,Telkom Kenya,KE
Benjamin Davis,25472580496,403,Telkom Kenya,KE
Julie Carney,25479754446,308,Airtel Kenya,KE
Theresa Foster,25478965757,427,Airtel Kenya,KE
Daniel Morris,25475424751,255,Safaricom Kenya,KE
Heather Smith,25479793250,470,Airtel Kenya,KE
Brian Flores,25479498551,63,Airtel Kenya,KE
Brittany Miller,25473108595,350,Airtel Kenya,KE
Lauren Donaldson,25479331347,62,Safaricom Kenya,KE
Eric Franklin,25479798926,329,Telkom Kenya,KE
John Peterson,25477827689,117,Safaricom Kenya,KE
Timothy Sherman,25478197186,196,Telkom Kenya,KE
Jared Williams,25476419687,394,Telkom Kenya,KE
Vincent Wheeler,25471230648,385,Safaricom Kenya,KE
Luke Fitzgerald,25474692583,401,Airtel Kenya,KE
Gloria Horton,25472595358,387,Safaricom Kenya,KE
Janet Ortiz,25477944250,294,Airtel Kenya,KE
Stacey Murray,25473177076,439,Safaricom Kenya,KE
John Hicks,25471520739,414,Safaricom Kenya,KE
Mikayla Hudson,25472376164,278,Airtel Kenya,KE
Brian Gibson,25478162653,401,Safaricom Kenya,KE
Joseph Hampton,25473369795,314,Telkom Kenya,KE
Mary Adkins,25478487051,184,Airtel Kenya,KE
Kimberly Berry,25471274915,332,Airtel Kenya,KE
Jeffrey Green,25471235365,203,Telkom Kenya,KE
Alexis Watson,25471552957,421,Telkom Kenya,KE
Juan Scott,25476287050,243,Safaricom Kenya,KE
Alexis Clark,25473897755,208,Telkom Kenya,KE
Jake Miller,25479591218,246,Airtel Kenya,KE
Denise Gardner,25471819845,243,Safaricom Kenya,KE
Darrell Strickland,25472798837,369,Safaricom Kenya,KE
William Schroeder,25471346429,224,Telkom Kenya,KE
Keith Becker,25471411799,225,Telkom Kenya,KE
Christy Morgan,25471804753,287,Airtel Kenya,KE
Kimberly Roy,25474442891,181,Safaricom Kenya,KE
Matthew Finley,25479353692,125,Telkom Kenya,KE
Patricia Scott,25479960075,402,Safaricom Kenya,KE
Amy Lloyd,25470831151,208,Airtel Kenya,KE
Howard Ferguson,25474206920,481,Airtel Kenya,KE
Julia Peterson,25479206182,443,Telkom Kenya,KE
Sean Padilla,25471160812,352,Airtel Kenya,KE
Mark Parker,25476515669,471,Telkom Kenya,KE
Robert Roman,25472113675,103,Safaricom Kenya,KE
Christina Ferguson,25476669086,85,Airtel Kenya,KE
Kimberly Rich,25470393820,95,Airtel Kenya,KE
Lisa Mendoza,25479477523,73,Airtel Kenya,KE
Mark Jones,25476170717,118,Safaricom Kenya,KE
Shawn Curtis,25472931026,145,Telkom Kenya,KE
Donna Lindsey,25476998405,435,Airtel Kenya,KE
Karen Fisher,25474614496,498,Airtel Kenya,KE
Elizabeth Morris,25472620200,336,Safaricom Kenya,KE
Kaitlyn Hawkins,25479925118,471,Telkom Kenya,KE
Dr. Thomas Paul,25474713989,338,Airtel Kenya,KE
Lisa Farmer,25473682522,274,Safaricom Kenya,KE
Chelsea Sanchez,25473207454,334,Telkom Kenya,KE
Nicholas Ward,25475435654,172,Telkom Kenya,KE
John Smith,25473502665,118,Airtel Kenya,KE
David Jacobs,25470273161,438,Telkom Kenya,KE
Laura Brown,25476562775,228,Telkom Kenya,KE
John Randolph,25470374554,89,Airtel Kenya,KE
